Workbook

Sheet Cronograma
D1: CRONOGRAMA - RESUMIDO
B3: Equipe | C3: 1) | D3: Nome 1 | F3: P | G3: Programado
C4: 2) | D4: Nome 2 | F4: R | G4: Realizado
C5: 3) | D5: Nome 3 | F5: A | G5: Em Atraso
A7: Nº | B7: Etapas | E7: Fevereiro | F7: Março | G7: Abril | H7: Maio | I7: Junho | J7: Julho | K7: Agosto | L7: Setembro | M7: Outubro | N7: Novembro
A8: 1 | B8: Definição da Equipe
A9: 2 | B9: Definição do Projeto
A10: 3 | B10: Definição das etapas do projeto e responsabilidades
A11: 4 | B11: Escolha do nome e slogan
A12: 5 | B12: Definição do Gerente de Projetos (GP)
A13: 6 | B13: Identidade visual / Logotipo
A14: 7 | B14: Entrevistas/Questionários
A15: 8 | B15: Definição dos programas e linguagens a serem utilizadas
A16: 9 | B16: Apresentação do modelo descritivo
A17: 10 | B17: Modelo Entidade Relacionamento
A18: 11 | B18: Modelo Operacional
A19: 12 | B19: Funcionalidades do Sistema
... A27: 20 | B27: Apresentação Feira CEP

Sheet Cronograma Detalhado
D1: CRONOGRAMA DETALHADO
B3: Equipe | C3: 1) | D3: =IF(Cronograma!D3=0," ",Cronograma!D3) -> Nome 1
C4: 2) | D4: =IF(Cronograma!D4=0," ",Cronograma!D4) -> Nome 2 | G4: R | H4: Realizado | L4: P | M4: Programado | R4: EA | S4: Em Andamento | X4: A | Y4: Em Atraso | BA4: Em Atraso
C5: 3) | D5: =IF(Cronograma!D5=0," ",Cronograma!D5) -> Nome 3
A7: Nº | B7: Etapas | E7: Responsável | F7: Fevereiro | J7: Março | O7: Abril | S7: Maio | X7: Junho | AC7: Julho | AE7: Agosto | AJ7: Setembro | AO7: Outubro | AS7: Novembro | AX7: Observação Equipe | AY7: Observação Professor
A8: Nº | F8: 6-10 | G8: 13-17 | H8: 23-24 | I8: 27-28 | J8: 2-3 | K8: 6-10 | L8: 13-17 | M8: 20-24 | N8: 27-31 | O8: 3-6 | P8: 10-14 | Q8: 17-20 | R8: 24-28 | S8: 2-5 | T8: 8-12 | U8: 15-19 | V8: 22-26 | W8: 29-31 | X8: 1-2 | Y8: 5-7 | Z8: 12-16 | AA8: 19-23 | AB8: 26-30 | AC8: 3-7 | AD8: 10-14 | AE8: 1-4 | AF8: 7-11 | AG8: 14-18 | AH8: 21-25 | AI8: 28-31 | AJ8: 1 | AK8: 4-6 | AL8: 11-15 | AM8: 18-22 | AN8: 25-29 | AO8: 2-6 | AP8: 16-20 | AQ8: 23-70 | AR8: 30-31 | AS8: 1 | AT8: 6-10 | AU8: 13-17 | AV8: 20-24 | AW8: 27-30
F9: 1 | G9: 2 | H9: 3 | I9: 4 | J9: 5 | K9: 6 | L9: 7 | M9: 8 | N9: 9 | O9: 10 | P9: 11 | Q9: 12 | R9: 13 | S9: 14 | T9: 15 | U9: 16 | V9: 17 | W9: 18 | X9: 19 | Y9: 20 | Z9: 21 | AA9: 22 | AB9: 23 | AC9: 24 | AD9: 25 | AE9: 26 | AF9: 27 | AG9: 28 | AH9: 29 | AI9: 30 | AJ9: 31 | AK9: 32 | AL9: 33 | AM9: 34 | AN9: 35 | AO9: 36 | AP9: 37 | AQ9: 38 | AR9: 39 | AS9: 40 | AT9: 41 | AU9: 42 | AV9: 43 | AW9: 44 | AY9: Inicício Ativ. | AZ9: Fim Ativ. | BA9: Situação
A10: =Cronograma!A8 -> 1 | B10: =Cronograma!B8 -> Definição da Equipe | E10: A equipe
A11: =Cronograma!A9 -> 2 | B11: =Cronograma!B9 -> Definição do Projeto | E11: A equipe
A12: =Cronograma!A10 -> 3 | B12: =Cronograma!B10 -> Definição das etapas do projeto e responsabilidades | E12: A equipe
A13: =Cronograma!A11 -> 4 | B13: =Cronograma!B11 -> Escolha do nome e slogan | E13: A equipe
A14: =Cronograma!A12 -> 5 | B14: =Cronograma!B12 -> Definição do Gerente de Projetos (GP)
A15: =Cronograma!A13 -> 6 | B15: =Cronograma!B13 -> Identidade visual / Logotipo
A16: =Cronograma!A14 -> 7 | B16: =Cronograma!B14 -> Entrevistas/Questionários
A17: =Cronograma!A15 -> 8 | B17: =Cronograma!B15 -> Definição dos programas e linguagens a serem utilizadas
A18: =Cronograma!A16 -> 9 | B18: =Cronograma!B16 -> Apresentação do modelo descritivo
A19: =Cronograma!A17 -> 10 | B19: =Cronograma!B17 -> Modelo Entidade Relacionamento
A20: =Cronograma!A18 -> 11 | B20: =Cronograma!B18 -> Modelo Operacional
A21: =Cronograma!A19 -> 12 | B21: =Cronograma!B19 -> Funcionalidades do Sistema
A22: =Cronograma!A20 -> 13 | B22: =Cronograma!B20 -> Layout do sistema/app/site - Prototipação
A23: =Cronograma!A21 -> 14 | B23: =Cronograma!B21 -> Fundamentação Teórica / Documentação
A24: =Cronograma!A22 -> 15 | B24: =Cronograma!B22 -> Modelo de Negócios
A25: =Cronograma!A23 -> 16 | B25: =Cronograma!B23 -> Programação Front-End HTML/CSS
... A29: =Cronograma!A27 -> 20 | B29: =Cronograma!B27 -> Apresentação Feira CEP

Sheet Calendário 2023
